{
	"format_version": "1.21.6",
	"credit": "Made with Blockbench",
	"texture_size": [32, 32],
	"textures": {
		"1": "item/portable_dispenser"
	},
	"elements": [
		{
			"from": [1, 0, 3],
			"to": [7, 6, 9],
			"rotation": {"angle": 0, "axis": "y", "origin": [0, 1, 0]},
			"faces": {
				"north": {"uv": [4, 8, 8, 12], "texture": "#1"},
				"east": {"uv": [0, 8, 4, 12], "texture": "#1"},
				"south": {"uv": [12, 8, 16, 12], "texture": "#1"},
				"west": {"uv": [8, 8, 12, 12], "texture": "#1"},
				"up": {"uv": [4, 4, 8, 8], "texture": "#1"},
				"down": {"uv": [4, 12, 8, 16], "texture": "#1"}
			}
		},
		{
			"from": [1.75, -2, 0],
			"to": [6.25, 0, 19],
			"rotation": {"angle": 0, "axis": "y", "origin": [3, -2, 2]},
			"faces": {
				"north": {"uv": [0, 1.5, 3, 3], "texture": "#1"},
				"east": {"uv": [0, 2.5, 12.5, 4], "texture": "#1"},
				"south": {"uv": [0, 1.5, 3, 3], "texture": "#1"},
				"west": {"uv": [0, 2.5, 12.5, 4], "texture": "#1"},
				"up": {"uv": [0, 0.5, 12.5, 3.5], "rotation": 90, "texture": "#1"},
				"down": {"uv": [0, 0.5, 12.5, 3.5], "rotation": 90, "texture": "#1"}
			}
		},
		{
			"from": [3, -4.7, 7],
			"to": [5, -0.7, 7.75],
			"rotation": {"angle": 0, "axis": "y", "origin": [3, -3.7, 6]},
			"faces": {
				"north": {"uv": [5, 1.5, 4, 3.5], "texture": "#1"},
				"east": {"uv": [4, 1, 3.5, 3.875], "texture": "#1"},
				"south": {"uv": [7, 0.5, 5.5, 3.5], "texture": "#1"},
				"west": {"uv": [4, 1, 3.5, 3.875], "texture": "#1"},
				"up": {"uv": [4, 1.5, 5.5, 1], "texture": "#1"},
				"down": {"uv": [5, 4, 6.5, 3.5], "texture": "#1"}
			}
		},
		{
			"from": [3, -3.75, 6.25],
			"to": [5, -2, 7],
			"rotation": {"angle": 0, "axis": "y", "origin": [3, -4, 5]},
			"faces": {
				"north": {"uv": [1, 1.5, 2, 2.5], "texture": "#1"},
				"east": {"uv": [0.5, 1.5, 1, 2.5], "texture": "#1"},
				"south": {"uv": [2.5, 1.5, 3.5, 2.5], "texture": "#1"},
				"west": {"uv": [2, 1.5, 2.5, 2.5], "texture": "#1"},
				"up": {"uv": [2, 1.5, 1, 1], "texture": "#1"},
				"down": {"uv": [3, 1, 2, 1.5], "texture": "#1"}
			}
		},
		{
			"from": [3, 0, 9],
			"to": [5, 0.5, 16],
			"rotation": {"angle": 0, "axis": "z", "origin": [3, 0, 9]},
			"faces": {
				"north": {"uv": [12.66667, 6.66667, 14, 7.33333], "texture": "#1"},
				"east": {"uv": [8, 6, 14, 6.54167], "texture": "#1"},
				"south": {"uv": [14, 6, 14.5, 8], "rotation": 90, "texture": "#1"},
				"west": {"uv": [8, 6, 14, 6.54167], "texture": "#1"},
				"up": {"uv": [14, 8, 8, 6.04167], "rotation": 90, "texture": "#1"},
				"down": {"uv": [14, 8, 8, 6.04167], "rotation": 90, "texture": "#1"}
			}
		},
		{
			"from": [3.5, 0.5, 11.75],
			"to": [4.5, 3.25, 12.75],
			"rotation": {"angle": 0, "axis": "z", "origin": [3.5, 0.5, 11.75]},
			"faces": {
				"north": {"uv": [2.5, 5.5, 1.5, 8], "texture": "#1"},
				"east": {"uv": [1.5, 5.5, 2.5, 8], "texture": "#1"},
				"south": {"uv": [2.5, 5.5, 1.5, 8], "texture": "#1"},
				"west": {"uv": [1.5, 5.5, 2.5, 8], "texture": "#1"},
				"up": {"uv": [1.58333, 5.54167, 2.49167, 6.45], "texture": "#1"},
				"down": {"uv": [1.48333, 7.04167, 2.44167, 8], "texture": "#1"}
			}
		},
		{
			"from": [3.5, 0.5, 10],
			"to": [4.5, 3.25, 11],
			"rotation": {"angle": 0, "axis": "z", "origin": [3.5, 0.5, 10]},
			"faces": {
				"north": {"uv": [2.5, 5.5, 1.5, 8], "texture": "#1"},
				"east": {"uv": [1.5, 5.5, 2.5, 8], "texture": "#1"},
				"south": {"uv": [2.5, 5.5, 1.5, 8], "texture": "#1"},
				"west": {"uv": [1.5, 5.5, 2.5, 8], "texture": "#1"},
				"up": {"uv": [1.58333, 5.54167, 2.49167, 6.45], "texture": "#1"},
				"down": {"uv": [1.58333, 7.04167, 2.49167, 7.95], "texture": "#1"}
			}
		},
		{
			"from": [-4.25, 2.5, 3.5],
			"to": [0.75, 4, 8.5],
			"rotation": {"angle": 0, "axis": "y", "origin": [-1.75, 3.5, 5]},
			"faces": {
				"north": {"uv": [12, 12, 16, 13], "texture": "#1"},
				"east": {"uv": [12, 12, 16, 13], "texture": "#1"},
				"south": {"uv": [12, 12, 16, 13], "texture": "#1"},
				"west": {"uv": [12, 12, 16, 13], "texture": "#1"},
				"up": {"uv": [8, 12, 12, 16], "texture": "#1"},
				"down": {"uv": [0, 12, 4, 16], "texture": "#1"}
			}
		},
		{
			"from": [-3.25, 1, 4.5],
			"to": [-0.25, 2.5, 7.5],
			"rotation": {"angle": 0, "axis": "y", "origin": [-1.75, 0, 5]},
			"faces": {
				"north": {"uv": [12.5, 13, 15.5, 14], "texture": "#1"},
				"east": {"uv": [12.5, 13, 15.5, 14], "texture": "#1"},
				"south": {"uv": [12.5, 13, 15.5, 14], "texture": "#1"},
				"west": {"uv": [12.5, 13, 15.5, 14], "texture": "#1"},
				"up": {"uv": [8.5, 12.5, 11.5, 15.5], "texture": "#1"},
				"down": {"uv": [0.5, 12.5, 3.5, 15.5], "texture": "#1"}
			}
		},
		{
			"from": [-0.25, 1, 5.5],
			"to": [1, 2, 6.5],
			"rotation": {"angle": 0, "axis": "y", "origin": [-0.75, 0, 5]},
			"faces": {
				"north": {"uv": [12.5, 12.5, 13.5, 13], "texture": "#1"},
				"east": {"uv": [12.5, 12.5, 13.5, 13], "texture": "#1"},
				"south": {"uv": [13.5, 12.5, 12.5, 13], "texture": "#1"},
				"west": {"uv": [12.5, 12.5, 13.5, 13], "texture": "#1"},
				"up": {"uv": [12.5, 12.5, 13.5, 13], "texture": "#1"},
				"down": {"uv": [13.5, 12.5, 12.5, 13], "texture": "#1"}
			}
		}
	],
	"display": {
		"thirdperson_righthand": {
			"translation": [3, 7.75, 2],
			"scale": [0.75, 0.75, 0.75]
		},
		"thirdperson_lefthand": {
			"translation": [-3, 7.75, 2],
			"scale": [0.75, 0.75, 0.75]
		},
		"firstperson_righthand": {
			"translation": [2.25, 7.5, 2],
			"scale": [0.77, 0.74, 0.6]
		},
		"firstperson_lefthand": {
			"translation": [-2.5, 7.5, 2],
			"scale": [0.78, 0.74, 0.6]
		},
		"ground": {
			"translation": [5.5, 5.75, 0],
			"scale": [0.87, 0.87, 0.87]
		},
		"gui": {
			"rotation": [45, 45, 0],
			"translation": [2, 6.75, 0],
			"scale": [0.83, 0.83, 0.83]
		},
		"head": {
			"translation": [4, 14.25, 2.25]
		},
		"fixed": {
			"rotation": [0, -90, 0],
			"translation": [1.75, 2.75, 1.25]
		}
	},
	"groups": [
		{
			"name": "group",
			"origin": [0, 1, 0],
			"color": 0,
			"children": [
				0,
				1,
				{
					"name": "group",
					"origin": [3, -4, 18],
					"color": 0,
					"children": [2, 3]
				},
				{
					"name": "group",
					"origin": [3, 0, 9],
					"color": 0,
					"children": [4, 5, 6]
				}
			]
		},
		{
			"name": "group",
			"origin": [-1.75, 3.5, 5],
			"color": 0,
			"children": [7, 8, 9]
		}
	]
}